{
	"format_version": "1.8.0",
	"render_controllers": {
		"controller.render.d": {
			"geometry": "Geometry.default",
			"materials": [ { "*": "Material.d2" } ],
			"textures": [ "Texture.d2" ],
			"part_visibility": [
        { "*": true },
                { "helmet": "variable.helmet_layer_visible" },
        { "leftLegging": "variable.leg_layer_visible" },
        { "rightLegging": "variable.leg_layer_visible" },
        { "leftBoot": "variable.boot_layer_visible" },
        { "rightBoot": "variable.boot_layer_visible" },
        { "leftSock": "variable.boot_layer_visible && variable.leg_layer_visible" },
        { "rightSock": "variable.boot_layer_visible && variable.leg_layer_visible" },
        { "bodyArmor": "variable.chest_layer_visible && !query.has_cape" },
        { "leftArmArmor": "variable.chest_layer_visible && !query.has_cape" },
        { "rightArmArmor": "variable.chest_layer_visible && !query.has_cape" },
        { "belt": "variable.chest_layer_visible && variable.leg_layer_visible" }],
        "overlay_color": {
        "r": "0.6*(math.sin(query.life_time * 500.0) +1.0) * 0.5",
        "g": "0.0",
        "b": "0.6*(math.sin(query.life_time * 500.0+240.0) +1.0) * 0.8",
        "a": "0.7"
        },
			"ignore_lighting": true
		}
	}
}
